{"cameraMode":{"drawMode":0,"name":"Shaded","section":"Shading Mode"},"sceneLighting":true,"audioPlay":false,"sceneViewState":{"showFog":true,"showMaterialUpdate":false,"showSkybox":true,"showFlares":true,"showImageEffects":true,"showParticleSystems":true},"in2DMode":false,"pivot":{"x":88.60384368896485,"y":-255.50157165527345,"z":298.83367919921877},"rotation":{"x":0.3429781198501587,"y":0.14154642820358277,"z":-0.05236256867647171,"w":0.9271698594093323},"size":208.19577026367188,"orthographic":false}